Member [id=101396885, address=4829 JAUREGUI BLVD, city=CORCORAN, firstName=CAROLA, lastName=ALVA, state=IL, zip=55357
Member [id=61041160, address=9574 OMEARA PKWY, city=ROCKFORD, firstName=CHERY, lastName=TWOMEY, state=IL, zip=55373
Member [id=890443901, address=9259 ZITO AVE, city=CHANHASSEN, firstName=LIZZETTE, lastName=JAUREGUI, state=IL, zip=55317
Member [id=416775920, address=6743 CADDELL RD, city=PIERZ, firstName=SANDIE, lastName=NIGRO, state=IL, zip=56364
Member [id=519809487, address=5544 MCKINZIE BLVD, city=BLOOMINGTON, firstName=ALESHIA, lastName=FINGER, state=IL, zip=55435
Member [id=433842055, address=8029 TWOMEY BLVD, city=PARKERS PR, firstName=SERITA, lastName=BULLER, state=IL, zip=56361
Member [id=19574161, address=7622 MARIANO PKWY, city=BLOOMINGTON, firstName=CHANELLE, lastName=MCCOURT, state=IL, zip=55425
Member [id=101396885, address=4829 JAUREGUI BLVD, city=CORCORAN, firstName=CAROLA, lastName=ALVA, state=IL, zip=55357
Member [id=61041160, address=9574 OMEARA PKWY, city=ROCKFORD, firstName=CHERY, lastName=TWOMEY, state=IL, zip=55373
Member [id=890443901, address=9259 ZITO AVE, city=CHANHASSEN, firstName=LIZZETTE, lastName=JAUREGUI, state=IL, zip=55317
Member [id=416775920, address=6743 CADDELL RD, city=PIERZ, firstName=SANDIE, lastName=NIGRO, state=IL, zip=56364
Member [id=519809487, address=5544 MCKINZIE BLVD, city=BLOOMINGTON, firstName=ALESHIA, lastName=FINGER, state=IL, zip=55435
Member [id=433842055, address=8029 TWOMEY BLVD, city=PARKERS PR, firstName=SERITA, lastName=BULLER, state=IL, zip=56361
Member [id=19574161, address=7622 MARIANO PKWY, city=BLOOMINGTON, firstName=CHANELLE, lastName=MCCOURT, state=IL, zip=55425
Member [id=101396885, address=4829 JAUREGUI BLVD, city=CORCORAN, firstName=CAROLA, lastName=ALVA, state=IL, zip=55357
Member [id=61041160, address=9574 OMEARA PKWY, city=ROCKFORD, firstName=CHERY, lastName=TWOMEY, state=IL, zip=55373
Member [id=890443901, address=9259 ZITO AVE, city=CHANHASSEN, firstName=LIZZETTE, lastName=JAUREGUI, state=IL, zip=55317
Member [id=416775920, address=6743 CADDELL RD, city=PIERZ, firstName=SANDIE, lastName=NIGRO, state=IL, zip=56364
Member [id=519809487, address=5544 MCKINZIE BLVD, city=BLOOMINGTON, firstName=ALESHIA, lastName=FINGER, state=IL, zip=55435
Member [id=433842055, address=8029 TWOMEY BLVD, city=PARKERS PR, firstName=SERITA, lastName=BULLER, state=IL, zip=56361
Member [id=19574161, address=7622 MARIANO PKWY, city=BLOOMINGTON, firstName=CHANELLE, lastName=MCCOURT, state=IL, zip=55425
Member [id=101396885, address=4829 JAUREGUI BLVD, city=CORCORAN, firstName=CAROLA, lastName=ALVA, state=IL, zip=55357
Member [id=61041160, address=9574 OMEARA PKWY, city=ROCKFORD, firstName=CHERY, lastName=TWOMEY, state=IL, zip=55373
Member [id=890443901, address=9259 ZITO AVE, city=CHANHASSEN, firstName=LIZZETTE, lastName=JAUREGUI, state=IL, zip=55317
Member [id=416775920, address=6743 CADDELL RD, city=PIERZ, firstName=SANDIE, lastName=NIGRO, state=IL, zip=56364
Member [id=519809487, address=5544 MCKINZIE BLVD, city=BLOOMINGTON, firstName=ALESHIA, lastName=FINGER, state=IL, zip=55435
Member [id=433842055, address=8029 TWOMEY BLVD, city=PARKERS PR, firstName=SERITA, lastName=BULLER, state=IL, zip=56361
Member [id=19574161, address=7622 MARIANO PKWY, city=BLOOMINGTON, firstName=CHANELLE, lastName=MCCOURT, state=IL, zip=55425
Member [id=101396885, address=4829 JAUREGUI BLVD, city=CORCORAN, firstName=CAROLA, lastName=ALVA, state=IL, zip=55357
Member [id=61041160, address=9574 OMEARA PKWY, city=ROCKFORD, firstName=CHERY, lastName=TWOMEY, state=IL, zip=55373
Member [id=890443901, address=9259 ZITO AVE, city=CHANHASSEN, firstName=LIZZETTE, lastName=JAUREGUI, state=IL, zip=55317
Member [id=416775920, address=6743 CADDELL RD, city=PIERZ, firstName=SANDIE, lastName=NIGRO, state=IL, zip=56364
Member [id=519809487, address=5544 MCKINZIE BLVD, city=BLOOMINGTON, firstName=ALESHIA, lastName=FINGER, state=IL, zip=55435
Member [id=433842055, address=8029 TWOMEY BLVD, city=PARKERS PR, firstName=SERITA, lastName=BULLER, state=IL, zip=56361
Member [id=19574161, address=7622 MARIANO PKWY, city=BLOOMINGTON, firstName=CHANELLE, lastName=MCCOURT, state=IL, zip=55425
Member [id=101396885, address=4829 JAUREGUI BLVD, city=CORCORAN, firstName=CAROLA, lastName=ALVA, state=IL, zip=55357
Member [id=61041160, address=9574 OMEARA PKWY, city=ROCKFORD, firstName=CHERY, lastName=TWOMEY, state=IL, zip=55373
Member [id=890443901, address=9259 ZITO AVE, city=CHANHASSEN, firstName=LIZZETTE, lastName=JAUREGUI, state=IL, zip=55317
Member [id=416775920, address=6743 CADDELL RD, city=PIERZ, firstName=SANDIE, lastName=NIGRO, state=IL, zip=56364
Member [id=519809487, address=5544 MCKINZIE BLVD, city=BLOOMINGTON, firstName=ALESHIA, lastName=FINGER, state=IL, zip=55435
Member [id=433842055, address=8029 TWOMEY BLVD, city=PARKERS PR, firstName=SERITA, lastName=BULLER, state=IL, zip=56361
Member [id=19574161, address=7622 MARIANO PKWY, city=BLOOMINGTON, firstName=CHANELLE, lastName=MCCOURT, state=IL, zip=55425
Member [id=101396885, address=4829 JAUREGUI BLVD, city=CORCORAN, firstName=CAROLA, lastName=ALVA, state=IL, zip=55357
Member [id=61041160, address=9574 OMEARA PKWY, city=ROCKFORD, firstName=CHERY, lastName=TWOMEY, state=IL, zip=55373
Member [id=890443901, address=9259 ZITO AVE, city=CHANHASSEN, firstName=LIZZETTE, lastName=JAUREGUI, state=IL, zip=55317
Member [id=416775920, address=6743 CADDELL RD, city=PIERZ, firstName=SANDIE, lastName=NIGRO, state=IL, zip=56364
Member [id=519809487, address=5544 MCKINZIE BLVD, city=BLOOMINGTON, firstName=ALESHIA, lastName=FINGER, state=IL, zip=55435
Member [id=433842055, address=8029 TWOMEY BLVD, city=PARKERS PR, firstName=SERITA, lastName=BULLER, state=IL, zip=56361
Member [id=19574161, address=7622 MARIANO PKWY, city=BLOOMINGTON, firstName=CHANELLE, lastName=MCCOURT, state=IL, zip=55425
