Member [id=486328614, address=464 COLQUITT BLVD, city=MEDINA, firstName=MISHA, lastName=STOCKDALE, state=NJ, zip=55359
Member [id=750383016, address=6459 MAUNEY PKWY, city=ADOLPH, firstName=DANYELL, lastName=DUDEK, state=NJ, zip=55701
Member [id=721571162, address=8002 COLOMBO AVE, city=WAASA, firstName=MIGNON, lastName=ULIBARRI, state=NJ, zip=55732
Member [id=113437422, address=8872 ALVA ST, city=NORWOOD YOUNG AMERIC, firstName=YULANDA, lastName=WACKER, state=NJ, zip=55552
Member [id=486328614, address=464 COLQUITT BLVD, city=MEDINA, firstName=MISHA, lastName=STOCKDALE, state=NJ, zip=55359
Member [id=750383016, address=6459 MAUNEY PKWY, city=ADOLPH, firstName=DANYELL, lastName=DUDEK, state=NJ, zip=55701
Member [id=721571162, address=8002 COLOMBO AVE, city=WAASA, firstName=MIGNON, lastName=ULIBARRI, state=NJ, zip=55732
Member [id=113437422, address=8872 ALVA ST, city=NORWOOD YOUNG AMERIC, firstName=YULANDA, lastName=WACKER, state=NJ, zip=55552
Member [id=486328614, address=464 COLQUITT BLVD, city=MEDINA, firstName=MISHA, lastName=STOCKDALE, state=NJ, zip=55359
Member [id=750383016, address=6459 MAUNEY PKWY, city=ADOLPH, firstName=DANYELL, lastName=DUDEK, state=NJ, zip=55701
Member [id=721571162, address=8002 COLOMBO AVE, city=WAASA, firstName=MIGNON, lastName=ULIBARRI, state=NJ, zip=55732
Member [id=113437422, address=8872 ALVA ST, city=NORWOOD YOUNG AMERIC, firstName=YULANDA, lastName=WACKER, state=NJ, zip=55552
Member [id=486328614, address=464 COLQUITT BLVD, city=MEDINA, firstName=MISHA, lastName=STOCKDALE, state=NJ, zip=55359
Member [id=750383016, address=6459 MAUNEY PKWY, city=ADOLPH, firstName=DANYELL, lastName=DUDEK, state=NJ, zip=55701
Member [id=721571162, address=8002 COLOMBO AVE, city=WAASA, firstName=MIGNON, lastName=ULIBARRI, state=NJ, zip=55732
Member [id=113437422, address=8872 ALVA ST, city=NORWOOD YOUNG AMERIC, firstName=YULANDA, lastName=WACKER, state=NJ, zip=55552
Member [id=486328614, address=464 COLQUITT BLVD, city=MEDINA, firstName=MISHA, lastName=STOCKDALE, state=NJ, zip=55359
Member [id=750383016, address=6459 MAUNEY PKWY, city=ADOLPH, firstName=DANYELL, lastName=DUDEK, state=NJ, zip=55701
Member [id=721571162, address=8002 COLOMBO AVE, city=WAASA, firstName=MIGNON, lastName=ULIBARRI, state=NJ, zip=55732
Member [id=113437422, address=8872 ALVA ST, city=NORWOOD YOUNG AMERIC, firstName=YULANDA, lastName=WACKER, state=NJ, zip=55552
Member [id=486328614, address=464 COLQUITT BLVD, city=MEDINA, firstName=MISHA, lastName=STOCKDALE, state=NJ, zip=55359
Member [id=750383016, address=6459 MAUNEY PKWY, city=ADOLPH, firstName=DANYELL, lastName=DUDEK, state=NJ, zip=55701
Member [id=721571162, address=8002 COLOMBO AVE, city=WAASA, firstName=MIGNON, lastName=ULIBARRI, state=NJ, zip=55732
Member [id=113437422, address=8872 ALVA ST, city=NORWOOD YOUNG AMERIC, firstName=YULANDA, lastName=WACKER, state=NJ, zip=55552
